{
   "0": {
      "precision": 0.9845701689933872,
      "recall": 0.9977661950856291,
      "f1-score": 0.9911242603550295,
      "support": 1343.0
   },
   "1": {
      "precision": 0.9784172661870504,
      "recall": 0.8662420382165605,
      "f1-score": 0.918918918918919,
      "support": 157.0
   },
   "accuracy": 0.984,
   "macro avg": {
      "precision": 0.9814937175902188,
      "recall": 0.9320041166510948,
      "f1-score": 0.9550215896369743,
      "support": 1500.0
   },
   "weighted avg": {
      "precision": 0.983926165166324,
      "recall": 0.984,
      "f1-score": 0.9835667679513832,
      "support": 1500.0
   }
}